INSERT INTO "role" (id, name)
VALUES
    (1, 'Адміністратор'),
    (2, 'Перекладач'),
    (3, 'Користувач');

INSERT INTO "user" (id, username, password, role_id)
VALUES
    (1, 'admin', 'password1', 1),
    (2, 'translator1', 'password2', 2),
    (3, 'user1', 'password3', 3);

INSERT INTO author (id, name)
VALUES
    (1, 'Хуюга Нацу'),
    (2, 'Асато Асато'),
    (3, 'Асагірі Кафка');

-- Insert novels
INSERT INTO novel (id, author_id, translator_id, cover_image_path, title, description, country, release_date, novel_status, translation_status, is_published)
VALUES
    (1, 1, 2, '/images/novel1.jpg', 'Монолог аптекарки',
     'Маомао подалася до лісу по лікарські трави, але потрапила до рук ловців «наречених» для імператорського гарему. ' ||
     'І тепер молоденька аптекарка, помічниця знахаря з кварталу червоних ліхтарів, вимушена працювати служницею другорядних' ||
     'підложниць на жіночій половині палацу.', 'Японія', '2014-08-29', 'завершено', 'завершено', TRUE),
    (2, 2, 2, '/images/novel2.jpg', '86 - Вісімдесят шість', 'Республіка Сан-Магнолія вже давно зазнає ' ||
    'нападів з боку армії безпілотних дронів сусідньої імперії Ґіад. Після років кропітких досліджень Республіка нарешті ' ||
    'розробила власні автономні дрони, перетворивши односторонню боротьбу на війну без жертв - або, принаймні, так стверджує ' ||
    'уряд. Насправді ж, безкровної війни не буває. Поза укріпленими стінами, що захищають вісімдесят п’ять секторів Республіки, ' ||
    'лежить «неіснуючий» вісімдесят шостий сектор. Юнаків і дівчат з цієї покинутої землі називають «Вісімдесят шість», і вони, ' ||
    'позбавлені людської гідності, ведуть у бій «безпілотну» зброю...', 'Японія', '2017-02-10', 'завершено', 'перекладається', TRUE),
    (3, 3, 2, '/images/novel3.jpg', 'Буревісник', 'Минув рік відтоді, як Чюя Накахара приєднався до
    портової мафії після того, як разом з Осаму Дадзаєм закінчив «Інцидент Арахабакі». Поперек шляху Накахари, який прагне
    до посади виконавця, стоїть Поль Верлен, король вбивць, який називає Чюю своїм молодшим братом! — Я вб’ю всіх людей,
    які причетні до твого серця. Щоб зірвати його плани, Чюя об’єднується з європейським дослідником, штучним інтелектом Адамом.
    Це ознака шторму, який знову поглине Йокогаму. То хто чи що таке Чюя Накахара?', 'Японія', '2021-02-27',
     'видається', 'скоро', TRUE);

INSERT INTO alternative_title (id, novel_id, name)
VALUES
    (1, 1, '薬屋のひとりごと'),
    (2, 1, 'Kusuriya no Hitorigoto'),
    (3, 1, 'The Apothecary Diaries'),
    (4, 2, '86―エイティシックス―'),
    (5, 2, '86 - Eighty-Six'),
    (6, 3, 'Bungo Stray Dogs: STORM BRINGER');

INSERT INTO volume (id, novel_id, number, title)
VALUES
    (1, 1, 1, 'Том 1'),
    (2, 1, 2, 'Том 2'),
    (3, 1, 3, 'Том 3'),
    (4, 2, 1, 'Том 1'),
    (5, 2, 2, 'Том 2'),
    (6, 3, 1, 'Том 1'),
    (7, 3, 2, 'Том 2');

INSERT INTO chapter (id, volume_id, number, title, content, is_published)
VALUES
    (1, 1, 1, 'Розділ перший', 'Текст першого розділу...', TRUE),
    (2, 1, 2, 'Розділ другий', 'Текст другого розділу...', TRUE),
    (3, 2, 1, 'Розділ перший', 'Текст першого розділу...', TRUE),
    (4, 4, 1, 'Розділ перший', 'Текст першого розділу...', TRUE),
    (5, 4, 2, 'Розділ другий', 'Текст другого розділу...', FALSE),
    (6, 6, 1, 'Розділ перший', 'Текст першого розділу...', TRUE),
    (7, 6, 2, 'Розділ другий', 'Текст другого розділу...', FALSE);

INSERT INTO genre (id, name)
VALUES
    (1, 'Драма'),
    (2, 'Детектив'),
    (3, 'Бойовик'),
    (4, 'Фантастика');

INSERT INTO tag (id, name)
VALUES
    (1, 'ГГ жінка'),
    (2, 'Історичне'),
    (3, 'Аристократія'),
    (4, 'Війна'),
    (5, 'Роботи'),
    (6, 'Мафія');

INSERT INTO novel_genre (novel_id, genre_id)
VALUES
    (1, 1), -- Монолог аптекарки - Драма
    (1, 2), -- Монолог аптекарки - Детектив
    (2, 3), -- 86 - Бойовик
    (2, 4), -- 86 - Фантастика
    (3, 1), -- Буревісник - Драма
    (3, 3), -- Буревісник - Бойовик
    (3, 4); -- Буревісник - Фантастика

INSERT INTO novel_tag (novel_id, tag_id)
VALUES
    (1, 1), -- Монолог аптекарки - ГГ жінка
    (1, 2), -- Монолог аптекарки - Історичне
    (1, 3), -- Монолог аптекарки - Аристократія
    (2, 4), -- 86 - Війна
    (2, 5), -- 86 - Роботи
    (3, 6); -- Буревісник - Мафія

INSERT INTO chapter_comment (id, user_id, chapter_id, content)
VALUES
    (1, 3, 4, 'Дуже сподобалась ця частина!'),
    (2, 3, 7, 'Чекаю на продовження.'),
    (3, 3, 3, 'Цікава історична розповідь.');
